Search,Cost,Clicks,Impressions,Conversions
homes for sale near me,$1.27,1,58,0.00
walnut homes for sale,$2.27,3,53,0.00
houses for sale near me,$2.61,2,52,0.00
homes for sale,$2.15,2,45,0.00
house for sale,$1.76,1,43,0.00
house for sale near me,$2.49,2,40,0.00
walnut new homes,$32.35,18,40,0.00
houses for sale,$0.00,0,31,0.00
walnut house for sale,$3.44,3,31,0.00
walnut houses for sale,$6.81,6,29,0.00
new homes in walnut ca,$20.08,11,27,0.00
house for sale in walnut ca,$2.76,2,26,0.00
homes for sale in walnut ca,$6.36,5,25,0.00
shawood eastvale,$1.23,1,24,0.00
walnut ca homes for sale,$1.28,1,24,0.00
homes,$1.73,1,21,0.00
homes for sale walnut ca,$1.30,1,21,0.00
houses in pomona for sale,$8.52,7,21,0.00
new homes for sale in walnut ca,$11.11,7,19,0.00
house for sale walnut ca,$5.38,4,17,0.00
houses for sale in walnut ca,$0.00,0,16,0.00
trumark homes chino hills,$1.72,2,16,0.00
upland california homes for sale,$3.06,2,16,0.00
redfin walnut ca,$0.00,0,15,0.00
upland homes for sale,$1.24,1,15,0.00
shawood homes,$0.00,0,14,0.00
house for sale in walnut,$1.10,1,13,0.00
diamond bar homes for sale,$0.93,1,12,0.00
upland ca homes for sale,$0.00,0,12,0.00
apartments in walnut ca,$1.30,1,11,0.00
home for sale,$0.00,0,11,0.00
house for sale fullerton ca,$0.00,0,11,0.00
house for sale walnut,$1.13,1,11,0.00
houses,$0.00,0,11,0.00
houses for sale pomona,$0.00,0,11,0.00
new homes chino hills,$0.00,0,11,0.00
new homes in walnut,$2.52,2,11,0.00
rowland heights homes for sale,$3.21,2,11,0.00
trumark homes,$0.00,0,11,0.00
homes for sale walnut,$0.00,0,10,0.00
next gen homes near me,$1.17,1,10,0.00
san dimas homes for sale,$1.76,1,10,0.00
upland houses for sale,$2.36,2,10,0.00
home for sale walnut ca,$0.00,0,9,0.00
homes for sale chino hills,$0.00,0,9,0.00
homes for sale in upland ca,$0.00,0,9,0.00
homes for sale in walnut ca 91789,$0.00,0,9,0.00
homes for sale upland ca,$0.00,0,9,0.00
homes in west covina for sale,$0.00,0,9,0.00
house for sale pomona,$0.00,0,9,0.00
houses for sale in upland ca,$0.00,0,9,0.00
houses for sale walnut ca,$0.00,0,9,0.00
new homes near me,$0.84,1,9,0.00
next gen homes,$1.29,1,9,0.00
cbc homes walnut ca,$0.00,0,8,0.00
claremont houses for sale,$0.00,0,8,0.00
homes for sale claremont ca,$0.00,0,8,0.00
house for sale glendora,$1.17,1,8,0.00
houses for sale in walnut,$1.52,1,8,0.00
las vistas walnut,$8.51,4,8,0.00
new homes for sale in diamond bar ca,$1.91,2,8,0.00
new houses for sale near me,$1.55,1,8,0.00
ontario ranch homes for sale,$3.13,1,8,0.00
single story homes for sale near me,$0.00,0,8,0.00
the terraces at walnut prices,$2.56,2,8,0.00
walnut new construction,$2.54,2,8,0.00
walnut new home,$2.47,2,8,0.00
west covina houses for sale,$1.75,1,8,0.00
casas en venta,$1.85,1,7,0.00
chino hills new homes,$0.00,0,7,0.00
claremont homes for sale,$0.00,0,7,0.00
home for sale in walnut ca,$2.95,2,7,0.00
homes for sale in rancho cucamonga,$1.23,1,7,0.00
homes for sale in rosedale azusa ca,$0.00,0,7,0.00
homes for sale in west covina ca,$0.00,0,7,0.00
house for sale in upland ca,$1.23,1,7,0.00
house for sale rancho cucamonga,$1.34,1,7,0.00
houses for sale in glendora,$0.00,0,7,0.00
irvine homes for sale,$0.00,0,7,0.00
orange county houses,$0.00,0,7,0.00
pomona house for sale,$0.00,0,7,0.00
shawood at magnolia ranch,$0.00,0,7,0.00
shawood homes eastvale ca,$1.86,1,7,0.00
single story homes for sale,$0.00,0,7,0.00
terrace at walnut,$3.52,2,7,0.00
walnut california,$0.92,1,7,0.00
walnut homes for rent,$0.00,0,7,0.00
5 bedroom homes near me,$0.00,0,6,0.00
5 bedroom house for sale,$0.00,0,6,0.00
casa en venta cerca de mi,$3.15,2,6,0.00
century communities,$0.00,0,6,0.00
claremont new homes,$0.00,0,6,0.00
dr horton homes,$0.00,0,6,0.00
eastvale homes for sale,$1.66,1,6,0.00
homes for sale diamond bar,$0.00,0,6,0.00
homes for sale ontario,$0.00,0,6,0.00
homes for sale west covina,$0.00,0,6,0.00
homes in walnut ca,$0.00,0,6,0.00
house for sale claremont ca,$0.00,0,6,0.00
house for sale in diamond bar,$0.00,0,6,0.00
